filename,title,author,source_format
19851001_001.xhtml,The Promise of World Peace,Universal House of Justice,xhtml
20020401_001.xhtml,Letter to the World's Religious Leaders,Universal House of Justice,xhtml
20231128_001.xhtml,Reflections on the First Century of the Formative Age,Universal House of Justice,xhtml
additional-prayers-revealed-bahaullah.xhtml,Additional Prayers Revealed by Baha'u'llah,Baha'u'llah,xhtml
additional-tablets-extracts-from-tablets-revealed-bahaullah.xhtml,Additional Tablets and Extracts from Tablets Revealed by Baha'u'llah,Baha'u'llah,xhtml
additional-prayers-revealed-abdul-baha.xhtml,Additional Prayers Revealed by 'Abdu'l-Baha,'Abdu'l-Baha,xhtml
additional-tablets-extracts-talks-abdul-baha.xhtml,"Additional Tablets, Extracts and Talks by 'Abdu'l-Baha",'Abdu'l-Baha,xhtml
advent-divine-justice.xhtml,The Advent of Divine Justice,Shoghi Effendi,xhtml
bahai-administration.xhtml,Baha'i Administration,Shoghi Effendi,xhtml
bahai-funds-contributions.xhtml,Baha'i Funds and Contributions,Compilation,xhtml
bahai-meetings.xhtml,Baha'i Meetings,Compilation,xhtml
bahai-prayers.xhtml,Baha'i Prayers,Compilation,xhtml
bahai-prayers-tablets-children.xhtml,Baha'i Prayers and Tablets for Children,Compilation,xhtml
call-divine-beloved.xhtml,The Call of the Divine Beloved,Baha'u'llah,xhtml
chaste-holy-life.xhtml,A Chaste and Holy Life,Compilation,xhtml
citadel-faith.xhtml,Citadel of Faith,Shoghi Effendi,xhtml
codification-law-huququllah.xhtml,A Codification of the Law of Huququ'llah,Compilation,xhtml
consultation.xhtml,Consultation,Compilation,xhtml
covenant.xhtml,The Covenant,Compilation,xhtml
crisis-victory.xhtml,Crisis and Victory,Compilation,xhtml
days-remembrance.xhtml,Days of Remembrance,Baha'u'llah,xhtml
decisive-hour.xhtml,This Decisive Hour,Shoghi Effendi,xhtml
epistle-son-wolf.xhtml,Epistle to the Son of the Wolf,Baha'u'llah,xhtml
excellence-all-things.xhtml,Excellence in All Things,Compilation,xhtml
family-Life.xhtml,Family Life,Compilation,xhtml
fire-and-light.xhtml,Fire and Light,Compilation,xhtml
framework-action.pdf,Framework for Action,Universal House of Justice,pdf
gems-divine-mysteries.xhtml,Gems of Divine Mysteries,Baha'u'llah,xhtml
give-me-thy-grace-serve-thy-loved-ones.xhtml,Give Me Thy Grace to Serve Thy Loved Ones,Compilation,xhtml
gleanings-writings-bahaullah.xhtml,Gleanings from the Writings of Baha'u'llah,Baha'u'llah,xhtml
god-passes-by.xhtml,God Passes By,Shoghi Effendi,xhtml
hidden-words.xhtml,The Hidden Words,Baha'u'llah,xhtml
huququllah-right-god.xhtml,Huququ-llah-The Right of God,Compilation,xhtml
importance-art.xhtml,The Importance of the Arts in Promoting the Faith,Compilation,xhtml
importance-obligatory-prayer-fasting.xhtml,The Importance of Obligatory Prayer and Fasting,Compilation,xhtml
importance-prayer-meditation-devotional-attitude.xhtml,The Importance of Prayer Meditation and the Devotional Attitude,Compilation,xhtml
institution-mashriqul-adhkar.xhtml,The Institution of the Mashriqu'l-Adhkar,Compilation,xhtml
issues-related-study-bahai-faith.xhtml,Issues Related to the Study of the Baha'i Faith,Compilation,xhtml
kitab-i-aqdas.xhtml,The Kitab-i-Aqdas,Baha'u'llah,xhtml
kitab-i-iqan.xhtml,The Kitab-i-Iqan,Baha'u'llah,xhtml
light-of-the-world.xhtml,Light of the World,'Abdu'l-Baha,xhtml
local-spiritual-assembly.xhtml,The Local Spiritual Assembly,Compilation,xhtml
memorials-faithful.xhtml,Memorials of the Faithful,'Abdu'l-Baha,xhtml
muhj-1963-1986.docx,Messages from the Universal House of Justice 1963-1986 The Third Epoch,Universal House of Justice,docx
muhj-1986-2001.pdf,Messages from the Universal House of Justice 1986-2001 the Fourth Epoch,Universal House of Justice,pdf
muhj-2001-2022.docx,Messages from the Universal House of Justice 2001-2022 The Fifth Epoch,Universal House of Justice,docx
music.xhtml,Music,Compilation,xhtml
national-spiritual-assembly.xhtml,The National Spiritual Assembly,Compilation,xhtml
paris-talks.xhtml,Paris Talks,'Abdu'l-Baha,xhtml
peace.xhtml,Peace,Compilation,xhtml
power-divine-assistance.xhtml,The Power of Divine Assistance,Compilation,xhtml
prayer-devotional-life.xhtml,Prayer and Devotional Life,Compilation,xhtml
prayers-meditations.xhtml,Prayers and Meditations by Baha'u'llah,Baha'u'llah,xhtml
promised-day-come.xhtml,The Promised Day Is Come,Shoghi Effendi,xhtml
promulgation-universal-peace.xhtml,The Promulgation of Universal Peace,'Abdu'l-Baha,xhtml
sanctity-nature-bahai-elections.xhtml,The Sanctity and Nature of Baha'i Elections,Compilation,xhtml
scholarship.xhtml,Scholarship,Compilation,xhtml
secret-divine-civilization.xhtml,The Secret of Divine Civilization,Abdu'l-Baha,xhtml
selections-writings-abdul-baha.xhtml,Selections from the Writings of 'Abdu'l-Baha,'Abdu'l-Baha,xhtml
selections-writings-bab.xhtml,Selections from the Writings of the Bab,Bab,xhtml
set-world-order.xhtml,To Set the World in Order: Building and Preserving Strong Marriages,Compilation,xhtml
significance-formative-age-our-faith.xhtml,The Significance of the Formative Age of Our Faith,Compilation,xhtml
social-action.xhtml,Social Action,Compilation,xhtml
some-answered-questions.xhtml,Some Answered Questions,'Abdu'l-Baha,xhtml
summons-lord-hosts.xhtml,The Summons of the Lord of Hosts,Baha'u'llah,xhtml
tabernacle-unity.xhtml,The Tabernacle of Unity,Baha'u'llah,xhtml
tablet-auguste-forel.xhtml,Tablet to Dr. Auguste Forel,'Abdu'l-Baha,xhtml
tablets-bahaullah.xhtml,Tablets of Baha'u'llah,Baha'u'llah,xhtml
tablets-divine-plan.xhtml,Tablets of the Divine Plan,'Abdu'l-Baha,xhtml
tablets-hague-abdul-baha.xhtml,'Abdu'l-Baha's Tablets to The Hague,'Abdu'l-Baha,xhtml
the-institution-of-the-counsellors.xhtml,The Institution of the Counsellors,Universal House of Justice,xhtml
travelers-narrative.xhtml,A Traveler's Narrative,'Abdu'l-Baha,xhtml
trustworthiness.xhtml,Trustworthiness,Compilation,xhtml
turning-point.xhtml,Turning Point 1996-2006,Universal House of Justice,xhtml
twelve-table-talks-abdul-baha.xhtml,Twelve Table Talks Given by 'Abdu'l-Baha in Akka,'Abdu'l-Baha,xhtml
universal-house-of-justice-compilation.xhtml,The Universal House of Justice,Compilation,xhtml
will-testament-abdul-baha.xhtml,Will and Testament of 'Abdu'l-Baha,'Abdu'l-Baha,xhtml
women.xhtml,Women,Compilation,xhtml
world-order-bahaullah.xhtml,The World Order of Baha'u'llah,Shoghi Effendi,xhtml
20260227_001.xhtml,Iran-Message of love and prayers,Universal House of Justice,xhtml
20260104_001.xhtml,World-Conference Board of Counselors,Universal House of Justice,xhtml
20251231_001.xhtml,Counselors-Regarding Nine Year Plan,Universal House of Justice,xhtml
20251127_001.xhtml,NSAs-Evolution of Huququ'llah,Universal House of Justice,xhtml
20250420_001.xhtml,World-Ridvan Message 2025,Universal House of Justice,xhtml
20250320_001.xhtml,Iran-Naw-Ruz 2025,Universal House of Justice,xhtml
20250319_001.xhtml,World-Family Life and Marriage,Universal House of Justice,xhtml
20241006_001.xhtml,Individual-Process of electing UHJ,Universal House of Justice,xhtml
20240526_001.xhtml,IGP-Baha'i response to conflicts,Universal House of Justice,xhtml
20240419_001.xhtml,World-Ridvan Message 2024,Universal House of Justice,xhtml
20240320_001.xhtml,Iran-Naw-Ruz 2024,Universal House of Justice,xhtml
20230430_001.xhtml,World-Ridvan Message 2023,Universal House of Justice,xhtml
20230321_001.xhtml,Iran-Naw-Ruz 2023,Universal House of Justice,xhtml
20220823_001.xhtml,Iran-New wave of persecution,Universal House of Justice,xhtml